BranchLoc_Alumina_Splitter_65251c	BranchLoc_Alumina_Splitter
BranchLoc_AluminaSplitter_8e1c95	BranchLoc_AluminaSplitter
BranchLoc_Ammonia_1c6e01	BranchLoc_Ammonia
BranchLoc_Ammonia_and_Oxygen_react_with_a_hydrotalcite_lik_0c0f2a	BranchLoc_Ammonia_and_Oxygen_react_with_a_hydrotalcite_lik
BranchLoc_Ammonia_Brew_41889c	BranchLoc_Ammonia_Brew
BranchLoc_Ammonia_Brewer_0c0817	BranchLoc_Ammonia_Brewer
BranchLoc_Ammonia_Excavation_582802	BranchLoc_Ammonia_Excavation
BranchLoc_Ammonia_Extraction_9bbe21	BranchLoc_Ammonia_Extraction
BranchLoc_Ammonia_Freezer_de4bd3	BranchLoc_Ammonia_Freezer
BranchLoc_Ammonia_Heater_2da51c	BranchLoc_Ammonia_Heater
BranchLoc_Ammonia_To_Mono_450471	BranchLoc_Ammonia_To_Mono
BranchLoc_Ammonia_to_MonoPropellant_72343f	BranchLoc_Ammonia_to_MonoPropellant
BranchLoc_Anthraquinone_8149d8	BranchLoc_Anthraquinone
BranchLoc_Anthraquinone_process_efe9e8	BranchLoc_Anthraquinone_process
BranchLoc_Antimatter_Factory_af2dbc	BranchLoc_Antimatter_Factory
BranchLoc_Antimatter_Factory_Heavy_Elements_206154	BranchLoc_Antimatter_Factory_Heavy_Elements
BranchLoc_Antimatter_Factory_Light_Elements_ab00b5	BranchLoc_Antimatter_Factory_Light_Elements
BranchLoc_Betavoltaics_77cae9	BranchLoc_Betavoltaics
BranchLoc_Breeder_MSR_0698d0	BranchLoc_Breeder_MSR
BranchLoc_Breeder_reactor_edfce8	BranchLoc_Breeder_reactor
BranchLoc_Burns_Liquid_Hydrogen_and_Oxygen_gas_producing_W_464df2	BranchLoc_Burns_Liquid_Hydrogen_and_Oxygen_gas_producing_Water
BranchLoc_BVG_050366	BranchLoc_BVG
BranchLoc_Carbon_Dioxide_8468c7	BranchLoc_Carbon_Dioxide
BranchLoc_Carbon_Dioxide_Freezer_599d54	BranchLoc_Carbon_Dioxide_Freezer
BranchLoc_Carbon_Dioxide_Heater_4bc952	BranchLoc_Carbon_Dioxide_Heater
BranchLoc_Carbon_Dioxide_Splitter_759b96	BranchLoc_Carbon_Dioxide_Splitter
BranchLoc_Carbon_Fuser_25d2aa	BranchLoc_Carbon_Fuser
BranchLoc_Carbon_Monoxide_A_faa03f	BranchLoc_Carbon_Monoxide_A
BranchLoc_Carbon_Monoxide_B_e50710	BranchLoc_Carbon_Monoxide_B
BranchLoc_Carbon_Monoxide_Freezer_ef5dbd	BranchLoc_Carbon_Monoxide_Freezer
BranchLoc_Carbon_Monoxide_Heater_f07cd0	BranchLoc_Carbon_Monoxide_Heater
BranchLoc_CarbonDioxide_Extraction_a36a9d	BranchLoc_CarbonDioxide_Extraction
BranchLoc_CarbonDioxide_Freezer_7c3b50	BranchLoc_CarbonDioxide_Freezer
BranchLoc_CarbonDioxide_Heater_a56727	BranchLoc_CarbonDioxide_Heater
BranchLoc_CarbonMonoxide_Freezer_6b4bd9	BranchLoc_CarbonMonoxide_Freezer
BranchLoc_CarbonMonoxide_Heater_ca3cea	BranchLoc_CarbonMonoxide_Heater
BranchLoc_Cargo_6c98e8	BranchLoc_Cargo
BranchLoc_Chemical_Plant_bd6589	BranchLoc_Chemical_Plant
BranchLoc_Compact_Waste_to_the_density_of_lead_for_use_in_7ebd7b	BranchLoc_Compact_Waste_to_the_density_of_lead_for_use_in
BranchLoc_Convert_LqdAmmonia_into_MonoPropellant_and_LqdHy_f3fc01	BranchLoc_Convert_LqdAmmonia_into_MonoPropellant_and_LqdHy
BranchLoc_Coolant_Processor_484f74	BranchLoc_Coolant_Processor
BranchLoc_Create_Glykerol_from_Water_and_Carbon_998780	BranchLoc_Create_Glykerol_from_Water_and_Carbon
BranchLoc_Create_molten_nuclear_salt_for_the_molten_salt_r_326790	BranchLoc_Create_molten_nuclear_salt_for_the_molten_salt_r
BranchLoc_Create_nuclear_pebbles_for_the_pebble_bed_reacto_3b0883	BranchLoc_Create_nuclear_pebbles_for_the_pebble_bed_reacto
BranchLoc_Creates_nuclear_salt_for_advanced_nuclear_engine_ce22ea	BranchLoc_Creates_nuclear_salt_for_advanced_nuclear_engine
BranchLoc_Deuterium_Freezer_deca18	BranchLoc_Deuterium_Freezer
BranchLoc_Deuterium_Heater_95f85a	BranchLoc_Deuterium_Heater
BranchLoc_Drill_2c9146	BranchLoc_Drill
BranchLoc_Enriched_Uranium_is_almost_depleted_on_VESSEL_Nu_675523	BranchLoc_Enriched_Uranium_is_almost_depleted_on_VESSEL
BranchLoc_Evaporate_Liquid_Hydrogen_into_Hydrogen_gas_34a6a0	BranchLoc_Evaporate_Liquid_Hydrogen_into_Hydrogen_gas
BranchLoc_ExoticMinerals_Splitter_ecda24	BranchLoc_ExoticMinerals_Splitter
BranchLoc_ExoticMineralsSplitter_fbf975	BranchLoc_ExoticMineralsSplitter
BranchLoc_Extract_Ammonia_from_the_surface_291089	BranchLoc_Extract_Ammonia_from_the_surface
BranchLoc_Extract_ArgonGas_Oxygen_Water_and_XenonGas_out_o_60424a	BranchLoc_Extract_ArgonGas_Oxygen_Water_and_XenonGas_out_of_ore
BranchLoc_Extract_Carbon_and_Hydrogen_from_LqdMethane_997ad1	BranchLoc_Extract_Carbon_and_Hydrogen_from_LqdMethane
BranchLoc_Extract_Carbon_and_Hydrogen_from_Methane_95bbd1	BranchLoc_Extract_Carbon_and_Hydrogen_from_Methane
BranchLoc_Extract_Carbon_and_Oxygen_out_of_CarbonDioxide_25e095	BranchLoc_Extract_Carbon_and_Oxygen_out_of_CarbonDioxide
BranchLoc_Extract_CarbonDioxide_from_the_surface_90b7e8	BranchLoc_Extract_CarbonDioxide_from_the_surface
BranchLoc_Extract_EnrichedUranium_out_of_DepletedFuel_695c56	BranchLoc_Extract_EnrichedUranium_out_of_DepletedFuel
BranchLoc_Extract_EnrichedUranium_out_of_Uraninite_5312dd	BranchLoc_Extract_EnrichedUranium_out_of_Uraninite
BranchLoc_Extract_Hydrogen_and_Oxygen_out_of_Water_51e579	BranchLoc_Extract_Hydrogen_and_Oxygen_out_of_Water
BranchLoc_Extract_Hydrogen_Oxygen_and_trace_Deuterium_out_51b530	BranchLoc_Extract_Hydrogen_Oxygen_and_trace_Deuterium_out
BranchLoc_Extract_Lithium_from_the_surface_510887	BranchLoc_Extract_Lithium_from_the_surface
BranchLoc_Extract_LqdFluorine_Beryllium_RareMetals_and_oth_581054	BranchLoc_Extract_LqdFluorine_Beryllium_RareMetals_and_oth
BranchLoc_Extract_LqdFluorine_metals_and_cryogenic_byprodu_398872	BranchLoc_Extract_LqdFluorine_metals_and_cryogenic_byprodu
BranchLoc_Extract_LqdHe3_from_the_surface_71940c	BranchLoc_Extract_LqdHe3_from_the_surface
BranchLoc_Extract_Nitrogen_from_the_surface_92712c	BranchLoc_Extract_Nitrogen_from_the_surface
BranchLoc_Extract_Ore_from_the_surface_051931	BranchLoc_Extract_Ore_from_the_surface
BranchLoc_Extract_Oxygen_CarbonDioxide_and_Shielding_out_o_5da0fa	BranchLoc_Extract_Oxygen_from_Ore_desc
BranchLoc_Extract_Oxygen_CarbonDioxide_and_Shielding_out_o_9618db	BranchLoc_Extract_Oxygen_from_Rock_desc
BranchLoc_Extract_Oxygen_CarbonDioxide_and_Shielding_out_o_e52b2d	BranchLoc_Extract_Oxygen_from_Ore_MRE_desc
BranchLoc_Extract_Oxygen_from_the_surface_5cbb58	BranchLoc_Extract_Oxygen_from_the_surface
BranchLoc_Extract_Oxygen_out_of_Ore_0269d0	BranchLoc_Extract_Oxygen_out_of_Ore
BranchLoc_Extract_pure_Oxygen_and_Carbon_out_of_Ore_a5b2b0	BranchLoc_Extract_pure_Oxygen_and_Carbon_out_of_Ore
BranchLoc_Extract_Uraninite_from_the_surface_8d514a	BranchLoc_Extract_Uraninite_from_the_surface
BranchLoc_Extract_Water_from_the_surface_9f20c4	BranchLoc_Extract_Water_from_the_surface
BranchLoc_FFT_Industrial_Plant_9dda22	BranchLoc_FFT_Industrial_Plant
BranchLoc_FFT_Orion_Pulse_Crafting_a65c00	BranchLoc_FFT_Orion_Pulse_Crafting
BranchLoc_FFT_Orion_Pulse_Production_f4cdbe	BranchLoc_FFT_Orion_Pulse_Production
BranchLoc_Fissile_Fuel_51be15	BranchLoc_Fissile_Fuel
BranchLoc_Fissile_Fuel_Easy_5de83d	BranchLoc_Fissile_Fuel_Easy_setup
BranchLoc_Fissile_Fuel_Easy_852195	BranchLoc_Fissile_Fuel_Easy_title
BranchLoc_Fissile_Fuel_Hard_118de4	BranchLoc_Fissile_Fuel_Hard_title
BranchLoc_Fissile_Fuel_Hard_7170f9	BranchLoc_Fissile_Fuel_Hard_setup
BranchLoc_Fissile_Fuel_is_almost_depleted_on_VESSEL_Fissio_14c90b	BranchLoc_Fissile_Fuel_is_almost_depleted_on_VESSEL_Fissio
BranchLoc_Fissile_Pebbles_are_almost_depleted_on_VESSEL_Fi_6b88d6	BranchLoc_Fissile_Pebbles_are_almost_depleted_on_VESSEL_Fi
BranchLoc_Fissile_Pebbles_df0695	BranchLoc_Fissile_Pebbles
BranchLoc_Fission_Dust_212ed1	BranchLoc_Fission_Dust
BranchLoc_Fission_Pebbles_a42b5d	BranchLoc_Fission_Pebbles
BranchLoc_Fission_Pellets_4ee0b0	BranchLoc_Fission_Pellets
BranchLoc_Fission_Plant_8ebd04	BranchLoc_Fission_Plant
BranchLoc_Fission_Reactor_93ad96	BranchLoc_Fission_Reactor
BranchLoc_Food_35b259	BranchLoc_Food
BranchLoc_Freeze_Ammonia_7eafb4	BranchLoc_Freeze_Ammonia
BranchLoc_Freeze_Ammonia_into_LqdAmmonia_645f44	BranchLoc_Freeze_Ammonia_into_LqdAmmonia
BranchLoc_Freeze_CarbonDioxide_0b653f	BranchLoc_Freeze_CarbonDioxide
BranchLoc_Freeze_CarbonDioxide_into_LqdCO2_86aa2c	BranchLoc_Freeze_CarbonDioxide_into_LqdCO2
BranchLoc_Freeze_CarbonMonoxide_e058ff	BranchLoc_Freeze_CarbonMonoxide
BranchLoc_Freeze_CarbonMonoxide_into_LqdCO_4a13d3	BranchLoc_Freeze_CarbonMonoxide_into_LqdCO
BranchLoc_Freeze_Deuterium_a80f5b	BranchLoc_Freeze_Deuterium
BranchLoc_Freeze_Deuterium_into_LqdDeuterium_2ea8c6	BranchLoc_Freeze_Deuterium_into_LqdDeuterium
BranchLoc_Freeze_Hydrogen_82518b	BranchLoc_Freeze_Hydrogen
BranchLoc_Freeze_Hydrogen_into_LqdHydrogen_92fcac	BranchLoc_Freeze_Hydrogen_into_LqdHydrogen
BranchLoc_Freeze_Methane_15e4eb	BranchLoc_Freeze_Methane
BranchLoc_Freeze_Methane_into_LqdMethane_925c0c	BranchLoc_Freeze_Methane_into_LqdMethane
BranchLoc_Freeze_Nitrogen_a55b17	BranchLoc_Freeze_Nitrogen
BranchLoc_Freeze_Nitrogen_into_LqdNitrogen_308d5f	BranchLoc_Freeze_Nitrogen_into_LqdNitrogen
BranchLoc_Freeze_Oxygen_e19114	BranchLoc_Freeze_Oxygen
BranchLoc_Freeze_Oxygen_into_LqdOxygen_fa8f12	BranchLoc_Freeze_Oxygen_into_LqdOxygen
BranchLoc_Fuse_Carbon_and_Oxygen_into_CarbonDioxide_ac1369	BranchLoc_Fuse_Carbon_and_Oxygen_into_CarbonDioxide
BranchLoc_Fusion_Pellet_Foundry_58a156	BranchLoc_Fusion_Pellet_Foundry
BranchLoc_Fusion_Pellets_are_almost_depleted_on_VESSEL_Fus_8b8840	BranchLoc_Fusion_Pellets_are_almost_depleted_on_VESSEL_Fus
BranchLoc_Fusion_Pellets_de4eff	BranchLoc_Fusion_Pellets
BranchLoc_Fusion_Plant_788fff	BranchLoc_Fusion_Plant
BranchLoc_FusionPelletFoundry_543bf4	BranchLoc_FusionPelletFoundry
BranchLoc_FusionPellets_4c5fc8	BranchLoc_FusionPellets
BranchLoc_General_Chemistry_Center_c78a7d	BranchLoc_General_Chemistry_Center
BranchLoc_Glykerol_Brew_f55a4e	BranchLoc_Glykerol_Brew
BranchLoc_Haber_ce7d43	BranchLoc_Haber
BranchLoc_Haber_process_c0e966	BranchLoc_Haber_process
BranchLoc_Harvester_b57384	BranchLoc_Harvester
BranchLoc_Heat_up_LqdAmmonia_into_Ammonia_5b7a9e	BranchLoc_Heat_up_LqdAmmonia_into_Ammonia
BranchLoc_Heat_up_LqdCO_into_CarbonMonoxide_22ea45	BranchLoc_Heat_up_LqdCO_into_CarbonMonoxide
BranchLoc_Heat_up_LqdCO2_into_CarbonDioxide_dedcdd	BranchLoc_Heat_up_LqdCO2_into_CarbonDioxide
BranchLoc_Heat_up_LqdDeuterium_into_Deuterium_ede07c	BranchLoc_Heat_up_LqdDeuterium_into_Deuterium
BranchLoc_Heat_up_LqdHydrogen_into_Hydrogen_851df4	BranchLoc_Heat_up_LqdHydrogen_into_Hydrogen
BranchLoc_Heat_up_LqdMethane_into_Methane_d6bfa9	BranchLoc_Heat_up_LqdMethane_into_Methane
BranchLoc_Heat_up_LqdOxygen_into_Oxygen_988054	BranchLoc_Heat_up_LqdOxygen_into_Oxygen
BranchLoc_Heat_up_Nitrogen_into_Nitrogen_e65f86	BranchLoc_Heat_up_Nitrogen_into_Nitrogen
BranchLoc_Heating_f2a3e6	BranchLoc_Heating
BranchLoc_Heavy_Elements_718474	BranchLoc_Heavy_Elements
BranchLoc_High_Temperature_0f7715	BranchLoc_High_Temperature
BranchLoc_Hydrates_Splitter_b33535	BranchLoc_Hydrates_Splitter
BranchLoc_Hydrazine_Production_b481cd	BranchLoc_Hydrazine_Production
BranchLoc_HydrazineProduction_58daaf	BranchLoc_HydrazineProduction
BranchLoc_Hydrogen_41b680	BranchLoc_Hydrogen
BranchLoc_Hydrogen_and_CarbonDioxide_react_with_a_nickel_c_4291ca	BranchLoc_Hydrogen_and_CarbonDioxide_react_with_a_nickel_c
BranchLoc_Hydrogen_and_CarbonDioxide_react_with_a_nickel_c_9987d8	BranchLoc_Hydrogen_and_CarbonDioxide_react_with_a_nickel_c_Hydrogen_and_CarbonDioxide
BranchLoc_Hydrogen_Freezer_32e147	BranchLoc_Hydrogen_Freezer
BranchLoc_Hydrogen_Heater_a63acf	BranchLoc_Hydrogen_Heater
BranchLoc_Hydrogen_liquefaction_9fd430	BranchLoc_Hydrogen_liquefaction
BranchLoc_ISRU_Convector_895cf1	BranchLoc_ISRU_Convector
BranchLoc_LFO_cccf44	BranchLoc_LFO
BranchLoc_LH2_evaporator_539ef0	BranchLoc_LH2_evaporator
BranchLoc_LH2_is_almost_depleted_on_VESSEL_Processes_requi_c0d34b	BranchLoc_LH2_is_almost_depleted_on_VESSEL
BranchLoc_LH2_O2_fuel_cell_a7a06b	BranchLoc_LH2_O2_fuel_cell
BranchLoc_LH2_Oxygen_Fuel_Cell_f106d6	BranchLoc_LH2_Oxygen_Fuel_Cell
BranchLoc_Light_Elements_1d0789	BranchLoc_Light_Elements
BranchLoc_Liquefy_Hydrogen_gas_into_Liquid_Hydrogen_079187	BranchLoc_Liquefy_Hydrogen_gas_into_Liquid_Hydrogen
BranchLoc_Liquid_Fuel_b46ef9	BranchLoc_Liquid_Fuel
BranchLoc_Liquid_Hydrogen_321905	BranchLoc_Liquid_Hydrogen
BranchLoc_Lithium_Excavation_c261bc	BranchLoc_Lithium_Excavation
BranchLoc_Lithium_Extraction_bb2cbe	BranchLoc_Lithium_Extraction
BranchLoc_Low_Temperature_db498f	BranchLoc_Low_Temperature
BranchLoc_LqdHe3_Extraction_de30d5	BranchLoc_LqdHe3_Extraction
BranchLoc_Make_Konkrete_b02132	BranchLoc_Make_Konkrete
BranchLoc_Melt_Rock_to_make_Konkrete_similar_to_the_LaveHi_bff0a8	BranchLoc_Melt_Rock_to_make_Konkrete_similar_to_the_LaveHi
BranchLoc_Metals_Smelter_d22a0e	BranchLoc_Metals_Smelter
BranchLoc_Methane_Freezer_e51c93	BranchLoc_Methane_Freezer
BranchLoc_Methane_Heater_4b3906	BranchLoc_Methane_Heater
BranchLoc_Methane_Splitter_03ea4b	BranchLoc_Methane_Splitter
BranchLoc_Minerals_Splitter_1cb870	BranchLoc_Minerals_Splitter
BranchLoc_MineralsSplitter_9506f2	BranchLoc_MineralsSplitter
BranchLoc_Mix_Waret_Minerals_and_Slug_to_make_Konkrete_ea9d79	BranchLoc_Mix_Waret_Minerals_and_Slug_to_make_Konkrete
BranchLoc_Molten_Metal_Foundry_c31d34	BranchLoc_Molten_Metal_Foundry
BranchLoc_Molten_Regolith_Electrolysis_ee8cdb	BranchLoc_Molten_Regolith_Electrolysis
BranchLoc_Molten_Regolith_Electrolysis_Rock_d962d5	BranchLoc_Molten_Regolith_Electrolysis_Rock
BranchLoc_Molten_Salt_Reactor_9cbc0e	BranchLoc_Molten_Salt_Reactor
BranchLoc_MoltenRegolithElectrolysis_daef39	BranchLoc_MoltenRegolithElectrolysis
BranchLoc_MoltenRegolithElectrolysisRock_e5427c	BranchLoc_MoltenRegolithElectrolysisRock
BranchLoc_Monazite_Splitter_1898bf	BranchLoc_Monazite_Splitter
BranchLoc_MonaziteSplitter_61fcc5	BranchLoc_MonaziteSplitter
BranchLoc_Mono_Propellant_814e20	BranchLoc_Mono_Propellant
BranchLoc_MRE_76cc56	BranchLoc_MRE
BranchLoc_MSR_1ca8d9	BranchLoc_MSR
BranchLoc_Nitro_Hydrazine_7140d2	BranchLoc_Nitro_Hydrazine
BranchLoc_Nitrogen_2755fd	BranchLoc_Nitrogen
BranchLoc_Nitrogen_Excavation_3bd643	BranchLoc_Nitrogen_Excavation
BranchLoc_Nitrogen_Extraction_234628	BranchLoc_Nitrogen_Extraction
BranchLoc_Nitrogen_Freezer_b553d9	BranchLoc_Nitrogen_Freezer
BranchLoc_Nitrogen_Heater_54d836	BranchLoc_Nitrogen_Heater
BranchLoc_Nuclear_Salt_Water_ececd8	BranchLoc_Nuclear_Salt_Water
BranchLoc_Nuclear_Smelter_be1707	BranchLoc_Nuclear_Smelter
BranchLoc_OPAL_Processor_d13783	BranchLoc_OPAL_Processor
BranchLoc_Ore_Excavation_ef9920	BranchLoc_Ore_Excavation
BranchLoc_Ore_Extraction_ed3212	BranchLoc_Ore_Extraction
BranchLoc_Ore_fc36b7	BranchLoc_Ore
BranchLoc_Ore_Splitter_bb0454	BranchLoc_Ore_Splitter
BranchLoc_Oxidizer_and_Ammonia_react_to_produce_MonoPropel_a5cb13	BranchLoc_Oxidizer_and_Ammonia_react_to_produce_MonoPropel
BranchLoc_Oxidizer_f0c0ed	BranchLoc_Oxidizer
BranchLoc_Oxygen_7b96c4	BranchLoc_Oxygen
BranchLoc_Oxygen_Extraction_a1146b	BranchLoc_Oxygen_Extraction
BranchLoc_Oxygen_Freezer_c14030	BranchLoc_Oxygen_Freezer
BranchLoc_Oxygen_Heater_462cb2	BranchLoc_Oxygen_Heater
BranchLoc_PBR_3dc24e	BranchLoc_PBR
BranchLoc_Pebble_Bed_Reactor_b01223	BranchLoc_Pebble_Bed_Reactor
BranchLoc_Primary_purpose_of_this_converter_is_to_extract_4574f8	BranchLoc_Extract_LqdFluorine_and_Beryllium_desc
BranchLoc_Primary_purpose_of_this_converter_is_to_extract_5d6d5a	BranchLoc_Extract_LqdFluorine_from_Minerals_desc
BranchLoc_Produce_Ammonia_by_Nitrogen_fixation_cfb6dc	BranchLoc_Produce_Ammonia_by_Nitrogen_fixation
BranchLoc_Produce_CarbonDioxide_by_combustion_of_Waste_wit_addffa	BranchLoc_Produce_CarbonDioxide_by_combustion_of_Waste_wit
BranchLoc_Produce_CarbonMonoxide_and_Hydrogen_from_Carbon_81b1db	BranchLoc_Produce_CarbonMonoxide_and_Hydrogen_from_Carbon
BranchLoc_Produce_CarbonMonoxide_and_Oxygen_from_CarbonDio_4c5157	BranchLoc_Produce_CarbonMonoxide_and_Oxygen_from_CarbonDio
BranchLoc_Produce_Coolant_from_Ore_Water_and_Minerals_to_c_be6a2e	BranchLoc_Produce_Coolant_from_Ore_Water_and_Minerals_to_c
BranchLoc_Produce_LqdAmmonia_from_LqdHydrogen_and_LqdNitro_8a5550	BranchLoc_Produce_LqdAmmonia_from_LqdHydrogen_and_LqdNitro
BranchLoc_Produce_shaped_nuclear_charges_for_the_FFT_Orion_6f6de3	BranchLoc_FFT_Orion_pulse_production_desc
BranchLoc_Produce_shaped_nuclear_charges_for_the_FFT_Orion_cbdf23	BranchLoc_Produce_shaped_nuclear_charges_for_the_FFT_Orion_engine_Metals_and_RareMetals
BranchLoc_Recycle_Depleted_Uranium_1d1058	BranchLoc_Recycle_Depleted_Uranium
BranchLoc_Recycle_depleted_uranium_back_to_enriched_Uraniu_4be005	BranchLoc_Recycle_depleted_uranium_back_to_enriched_Uraniu
BranchLoc_Reduce_MetallicOre_with_Hydrogen_into_Metals_30ff21	BranchLoc_Reduce_MetallicOre_with_Hydrogen_into_Metals
BranchLoc_Refines_enriched_uranium_from_uraninite_942cf8	BranchLoc_Refines_enriched_uranium_from_uraninite
BranchLoc_Refresh_Fizzled_Fuel_7d2720	BranchLoc_Refresh_Fizzled_Fuel
BranchLoc_Remove_the_spent_fuel_from_nuclear_salt_and_add_ccd271	BranchLoc_Remove_the_spent_fuel_from_nuclear_salt_and_add
BranchLoc_Rock_Melter_c7c192	BranchLoc_Rock_Melter
BranchLoc_RTG_07cec6	BranchLoc_RTG
BranchLoc_Sabatier_85c3fe	BranchLoc_Sabatier
BranchLoc_Sabatier_Process_LF_priority_0103ec	BranchLoc_Sabatier_Process_LF_priority
BranchLoc_Sabatier_process_LF_priority_6ae7f6	BranchLoc_Sabatier_Process_LF_priority
BranchLoc_SCM_Decay_Generator_bf999b	BranchLoc_SCM_Decay_Generator
BranchLoc_SCO_923b4c	BranchLoc_SCO
BranchLoc_Selective_Catalytic_Oxidation_cee428	BranchLoc_Selective_Catalytic_Oxidation
BranchLoc_Silicates_are_good_for_two_things_Silicon_for_co_e3f578	BranchLoc_Silicates_are_good_for_two_things_Silicon_for_co
BranchLoc_Silicates_Splitter_5829c9	BranchLoc_Silicates_Splitter
BranchLoc_SilicatesSplitter_eb692d	BranchLoc_SilicatesSplitter
BranchLoc_Slam_LqdDeuterium_and_LqdHe3_together_under_garg_b7cf8f	BranchLoc_Slam_LqdDeuterium_and_LqdHe3_compress_desc
BranchLoc_Slam_LqdDeuterium_and_LqdHe3_together_under_garg_bb7638	BranchLoc_Slam_LqdDeuterium_and_LqdHe3_fusion_pellets_desc
BranchLoc_SOE_f55e84	BranchLoc_SOE
BranchLoc_Solid_Oxide_Electrolysis_2269bf	BranchLoc_Solid_Oxide_Electrolysis
BranchLoc_SolidOxideElectrolysis_d6e0b9	BranchLoc_SolidOxideElectrolysis
BranchLoc_Split_Alumina_for_Aluminium_and_Oxygen_gas_972f78	BranchLoc_Split_Alumina_for_Aluminium_and_Oxygen_gas
BranchLoc_Split_Alumina_for_Metals_and_Oxygen_gas_An_actua_393528	BranchLoc_Split_Alumina_for_Metals_and_Oxygen_gas_An_actua
BranchLoc_Split_Monazite_for_RareMetals_Thorium_and_Oxygen_0447fa	BranchLoc_Split_Monazite_for_RareMetals_Thorium_and_Oxygen
BranchLoc_Split_Silicates_for_Silicon_and_Oxygen_2a6f09	BranchLoc_Split_Silicates_for_Silicon_and_Oxygen
BranchLoc_Split_Spodumene_for_Lithium_Aluminium_and_Silica_85f883	BranchLoc_Split_Spodumene_extended_desc
BranchLoc_Split_Spodumene_for_Lithium_Aluminium_and_Silica_a54560	BranchLoc_Split_Spodumene_desc
BranchLoc_Split_Water_into_its_Hydrogen_and_Oxygen_compone_2ce417	BranchLoc_Split_Water_into_its_Hydrogen_and_Oxygen_compone
BranchLoc_Spodumene_Splitter_489b74	BranchLoc_Spodumene_Splitter
BranchLoc_SpodumeneSplitter_997800	BranchLoc_SpodumeneSplitter
BranchLoc_Squeeze_Water_from_Ore_835070	BranchLoc_Squeeze_Water_from_Ore_desc
BranchLoc_Squeeze_Water_from_Ore_b35b65	BranchLoc_Squeeze_Water_from_Ore_title
BranchLoc_Start_Alumina_Splitter_7279ff	BranchLoc_Start_Alumina_Splitter
BranchLoc_Start_Ammonia_Freezer_a89d33	BranchLoc_Start_Ammonia_Freezer
BranchLoc_Start_Ammonia_Heater_7f2f72	BranchLoc_Start_Ammonia_Heater
BranchLoc_Start_CarbonDioxide_Freezer_d86720	BranchLoc_Start_CarbonDioxide_Freezer
BranchLoc_Start_CarbonDioxide_Heater_e26dec	BranchLoc_Start_CarbonDioxide_Heater
BranchLoc_Start_CarbonMonoxide_Freezer_c10efe	BranchLoc_Start_CarbonMonoxide_Freezer
BranchLoc_Start_CarbonMonoxide_Heater_8b344c	BranchLoc_Start_CarbonMonoxide_Heater
BranchLoc_Start_Deuterium_Freezer_80b9be	BranchLoc_Start_Deuterium_Freezer
BranchLoc_Start_Deuterium_Heater_01adf2	BranchLoc_Start_Deuterium_Heater
BranchLoc_Start_ExoticMinerals_Splitter_18ac85	BranchLoc_Start_ExoticMinerals_Splitter
BranchLoc_Start_FFT_Orion_Pulse_Production_115176	BranchLoc_Start_FFT_Orion_Pulse_Production
BranchLoc_Start_Fissile_Fuel_Easy_80e091	BranchLoc_Start_Fissile_Fuel_Easy
BranchLoc_Start_Fissile_Fuel_Hard_cc1c8a	BranchLoc_Start_Fissile_Fuel_Hard
BranchLoc_Start_Fissile_Pebbles_6dea36	BranchLoc_Start_Fissile_Pebbles
BranchLoc_Start_Fusion_Pellet_Foundry_e3f9da	BranchLoc_Start_Fusion_Pellet_Foundry
BranchLoc_Start_Hydrogen_Freezer_0c8ce3	BranchLoc_Start_Hydrogen_Freezer
BranchLoc_Start_Hydrogen_Heater_94aea2	BranchLoc_Start_Hydrogen_Heater
BranchLoc_Start_Methane_Freezer_029f1e	BranchLoc_Start_Methane_Freezer
BranchLoc_Start_Methane_Heater_1b74b9	BranchLoc_Start_Methane_Heater
BranchLoc_Start_Minerals_Splitter_91f8a6	BranchLoc_Start_Minerals_Splitter
BranchLoc_Start_Molten_Regolith_Electrolysis_37c3de	BranchLoc_Start_Molten_Regolith_Electrolysis
BranchLoc_Start_Molten_Regolith_Electrolysis_Rock_576e29	BranchLoc_Start_Molten_Regolith_Electrolysis_Rock
BranchLoc_Start_Monazite_Splitter_ddb7a5	BranchLoc_Start_Monazite_Splitter
BranchLoc_Start_Nitrogen_Freezer_fc960d	BranchLoc_Start_Nitrogen_Freezer
BranchLoc_Start_Nitrogen_Heater_e0457f	BranchLoc_Start_Nitrogen_Heater
BranchLoc_Start_Oxygen_Freezer_0ae346	BranchLoc_Start_Oxygen_Freezer
BranchLoc_Start_Oxygen_Heater_f65291	BranchLoc_Start_Oxygen_Heater
BranchLoc_Start_Recycle_Depleted_Uranium_d356c9	BranchLoc_Start_Recycle_Depleted_Uranium
BranchLoc_Start_Refresh_Fizzled_Fuel_897785	BranchLoc_Start_Refresh_Fizzled_Fuel
BranchLoc_Start_Silicates_Splitter_1d6369	BranchLoc_Start_Silicates_Splitter
BranchLoc_Start_Solid_Oxide_Electrolysis_92eddd	BranchLoc_Start_Solid_Oxide_Electrolysis
BranchLoc_Start_Spodumene_Splitter_ccd6f9	BranchLoc_Start_Spodumene_Splitter
BranchLoc_Start_Uranium_Refiner_3db99a	BranchLoc_Start_Uranium_Refiner
BranchLoc_Start_Uranium_Salter_07ad34	BranchLoc_Start_Uranium_Salter
BranchLoc_Sterling_Aluminium_Fuel_Cell_f82d34	BranchLoc_Sterling_Aluminium_Fuel_Cell
BranchLoc_Sterling_Aluminium_Fuel_Cell_Recharger_22f0c4	BranchLoc_Sterling_Aluminium_Fuel_Cell_Recharger
BranchLoc_Sterling_Beryllium_Fuel_Cell_ddb1f1	BranchLoc_Sterling_Beryllium_Fuel_Cell
BranchLoc_Sterling_Beryllium_Fuel_Cell_Recharger_6fe471	BranchLoc_Sterling_Beryllium_Fuel_Cell_Recharger
BranchLoc_Sterling_Breeder_Molten_Salt_Reactor_515efc	BranchLoc_Sterling_Breeder_Molten_Salt_Reactor
BranchLoc_Sterling_Fission_Foundry_268a36	BranchLoc_Sterling_Fission_Foundry
BranchLoc_Sterling_General_Chemistry_Center_978239	BranchLoc_Sterling_General_Chemistry_Center
BranchLoc_Sterling_KLUSTR_acd3d9	BranchLoc_Sterling_KLUSTR
BranchLoc_Sterling_Molten_Metal_Foundry_41c9f6	BranchLoc_Sterling_Molten_Metal_Foundry
BranchLoc_Sterling_Molten_Salt_Reactor_ecb816	BranchLoc_Sterling_Molten_Salt_Reactor
BranchLoc_Sterling_Pebble_Bed_Reactor_9eb625	BranchLoc_Sterling_Pebble_Bed_Reactor
BranchLoc_Sterling_Silicon_Fuel_Cell_e47681	BranchLoc_Sterling_Silicon_Fuel_Cell
BranchLoc_Sterling_Silicon_Fuel_Cell_Recharger_164de1	BranchLoc_Sterling_Silicon_Fuel_Cell_Recharger
BranchLoc_Sterling_ThermoElectric_Converter_483250	BranchLoc_Sterling_ThermoElectric_Converter
BranchLoc_Sterling_Titan_Foundry_c2af17	BranchLoc_Sterling_Titan_Foundry
BranchLoc_Stop_Alumina_Splitter_f9b89e	BranchLoc_Stop_Alumina_Splitter
BranchLoc_Stop_Ammonia_Freezer_4d9051	BranchLoc_Stop_Ammonia_Freezer
BranchLoc_Stop_Ammonia_Heater_a7d556	BranchLoc_Stop_Ammonia_Heater
BranchLoc_Stop_CarbonDioxide_Freezer_1820c3	BranchLoc_Stop_CarbonDioxide_Freezer
BranchLoc_Stop_CarbonDioxide_Heater_f85b43	BranchLoc_Stop_CarbonDioxide_Heater
BranchLoc_Stop_CarbonMonoxide_Freezer_2b5fab	BranchLoc_Stop_CarbonMonoxide_Freezer
BranchLoc_Stop_CarbonMonoxide_Heater_b52a28	BranchLoc_Stop_CarbonMonoxide_Heater
BranchLoc_Stop_Deuterium_Freezer_d9dcec	BranchLoc_Stop_Deuterium_Freezer
BranchLoc_Stop_Deuterium_Heater_0b8bb2	BranchLoc_Stop_Deuterium_Heater
BranchLoc_Stop_ExoticMinerals_Splitter_94c0c9	BranchLoc_Stop_ExoticMinerals_Splitter
BranchLoc_Stop_FFT_Orion_Pulse_Production_74f66e	BranchLoc_Stop_FFT_Orion_Pulse_Production
BranchLoc_Stop_Fissile_Fuel_Easy_0f6fa3	BranchLoc_Stop_Fissile_Fuel_Easy
BranchLoc_Stop_Fissile_Fuel_Hard_ac3b22	BranchLoc_Stop_Fissile_Fuel_Hard
BranchLoc_Stop_Fissile_Pebbles_6159d8	BranchLoc_Stop_Fissile_Pebbles
BranchLoc_Stop_Fusion_Pellet_Foundry_eab78e	BranchLoc_Stop_Fusion_Pellet_Foundry
BranchLoc_Stop_Hydrogen_Freezer_b72a40	BranchLoc_Stop_Hydrogen_Freezer
BranchLoc_Stop_Hydrogen_Heater_0d2edb	BranchLoc_Stop_Hydrogen_Heater
BranchLoc_Stop_Methane_Freezer_a9e6aa	BranchLoc_Stop_Methane_Freezer
BranchLoc_Stop_Methane_Heater_15d23e	BranchLoc_Stop_Methane_Heater
BranchLoc_Stop_Minerals_Splitter_690ba4	BranchLoc_Stop_Minerals_Splitter
BranchLoc_Stop_Molten_Regolith_Electrolysis_964dc1	BranchLoc_Stop_Molten_Regolith_Electrolysis
BranchLoc_Stop_Molten_Regolith_Electrolysis_Rock_8667a9	BranchLoc_Stop_Molten_Regolith_Electrolysis_Rock
BranchLoc_Stop_Monazite_Splitter_56ee42	BranchLoc_Stop_Monazite_Splitter
BranchLoc_Stop_Nitrogen_Freezer_84d2b8	BranchLoc_Stop_Nitrogen_Freezer
BranchLoc_Stop_Nitrogen_Heater_4f4edc	BranchLoc_Stop_Nitrogen_Heater
BranchLoc_Stop_Oxygen_Freezer_6329e6	BranchLoc_Stop_Oxygen_Freezer
BranchLoc_Stop_Oxygen_Heater_de4a5e	BranchLoc_Stop_Oxygen_Heater
BranchLoc_Stop_Recycle_Depleted_Uranium_10afc8	BranchLoc_Stop_Recycle_Depleted_Uranium
BranchLoc_Stop_Refresh_Fizzled_Fuel_aacad3	BranchLoc_Stop_Refresh_Fizzled_Fuel
BranchLoc_Stop_Silicates_Splitter_8707c6	BranchLoc_Stop_Silicates_Splitter
BranchLoc_Stop_Solid_Oxide_Electrolysis_afa4c2	BranchLoc_Stop_Solid_Oxide_Electrolysis
BranchLoc_Stop_Spodumene_Splitter_ef2f61	BranchLoc_Stop_Spodumene_Splitter
BranchLoc_Stop_Uranium_Refiner_156089	BranchLoc_Stop_Uranium_Refiner
BranchLoc_Stop_Uranium_Salter_cf1716	BranchLoc_Stop_Uranium_Salter
BranchLoc_Store_Food_and_Water_af7863	BranchLoc_Store_Food_and_Water
BranchLoc_Store_Food_mostly_Snacks_6b424d	BranchLoc_Store_Food_mostly_Snacks
BranchLoc_Store_Liquid_Fuel_a04e5b	BranchLoc_Store_Liquid_Fuel
BranchLoc_Store_Liquid_Fuel_and_Oxidizer_7cc4b7	BranchLoc_Store_Liquid_Fuel_and_Oxidizer
BranchLoc_Store_Liquid_Hydrogen_8d8ca4	BranchLoc_Store_Liquid_Hydrogen
BranchLoc_Store_Mono_Propellant_2e8ae2	BranchLoc_Store_Mono_Propellant
BranchLoc_Store_Ore_c110f4	BranchLoc_Store_Ore
BranchLoc_Store_Oxidizer_4e863f	BranchLoc_Store_Oxidizer
BranchLoc_Store_pressurized_Ammonia_gas_3c5983	BranchLoc_Store_pressurized_Ammonia_gas
BranchLoc_Store_pressurized_Carbon_Dioxide_gas_4fb764	BranchLoc_Store_pressurized_Carbon_Dioxide_gas
BranchLoc_Store_pressurized_Hydrogen_gas_b16697	BranchLoc_Store_pressurized_Hydrogen_gas
BranchLoc_Store_pressurized_Nitrogen_gas_babd38	BranchLoc_Store_pressurized_Nitrogen_gas
BranchLoc_Store_pressurized_Oxygen_gas_1f4604	BranchLoc_Store_pressurized_Oxygen_gas
BranchLoc_Store_pressurized_Xenon_gas_fc8fbb	BranchLoc_Store_pressurized_Xenon_gas
BranchLoc_Store_Uraninite_ore_5d822e	BranchLoc_Store_Uraninite_ore
BranchLoc_Store_Waste_a_load_of_rubbish_1b534f	BranchLoc_Store_Waste_a_load_of_rubbish
BranchLoc_Store_Waste_Water_smells_bad_f8cdfc	BranchLoc_Store_Waste_Water_smells_bad
BranchLoc_Store_Water_4666f9	BranchLoc_Store_Water
BranchLoc_SULEU_Fission_Reactor_c6b5ed	BranchLoc_SULEU_Fission_Reactor
BranchLoc_Supplies_14e351	BranchLoc_Supplies
BranchLoc_Suprisingly_Monazite_is_fairly_common_and_is_ful_525e34	BranchLoc_Suprisingly_Monazite_is_fairly_common_and_is_ful
BranchLoc_Synthesize_Oxidizer_using_a_redox_of_Oxygen_and_b15bb3	BranchLoc_Synthesize_Oxidizer_using_a_redox_of_Oxygen_and
BranchLoc_Thaw_Ammonia_8baea3	BranchLoc_Thaw_Ammonia
BranchLoc_Thaw_CarbonDioxide_f427f1	BranchLoc_Thaw_CarbonDioxide
BranchLoc_Thaw_CarbonMonoxide_bbac65	BranchLoc_Thaw_CarbonMonoxide
BranchLoc_Thaw_Hydrogen_65f962	BranchLoc_Thaw_Hydrogen
BranchLoc_Thaw_LqdAmmonia_into_Ammonia_be658f	BranchLoc_Thaw_LqdAmmonia_into_Ammonia
BranchLoc_Thaw_LqdCO_into_CarbonMonoxide_d4c8d6	BranchLoc_Thaw_LqdCO_into_CarbonMonoxide
BranchLoc_Thaw_LqdCO2_into_CarbonDioxide_446d9e	BranchLoc_Thaw_LqdCO2_into_CarbonDioxide
BranchLoc_Thaw_LqdHydrogen_into_Hydrogen_a69586	BranchLoc_Thaw_LqdHydrogen_into_Hydrogen
BranchLoc_Thaw_LqdMethane_into_Methane_c8c71a	BranchLoc_Thaw_LqdMethane_into_Methane
BranchLoc_Thaw_LqdNitrogen_into_Nitrogen_8cc80e	BranchLoc_Thaw_LqdNitrogen_into_Nitrogen
BranchLoc_Thaw_LqdOxygen_into_Oxygen_234db3	BranchLoc_Thaw_LqdOxygen_into_Oxygen
BranchLoc_Thaw_Methane_2dfa45	BranchLoc_Thaw_Methane
BranchLoc_Thaw_Nitrogen_a7bf45	BranchLoc_Thaw_Nitrogen
BranchLoc_Thaw_Oxygen_4f2971	BranchLoc_Thaw_Oxygen
BranchLoc_The_standard_nuclear_salt_reaction_6a30cf	BranchLoc_The_standard_nuclear_salt_reaction
BranchLoc_The_standard_nuclear_salt_reaction_with_a_molten_5c6036	BranchLoc_The_standard_nuclear_salt_reaction_with_a_molten
BranchLoc_The_standard_pebble_bed_fission_reaction_db2666	BranchLoc_The_standard_pebble_bed_fission_reaction
BranchLoc_There_are_no_more_Fissile_Pebbles_on_VESSEL_Fiss_1d1e59	BranchLoc_There_are_no_more_Fissile_Pebbles_on_VESSEL_Fiss
BranchLoc_There_are_no_more_Fusion_Pellets_on_VESSEL_Fusio_485df3	BranchLoc_There_are_no_more_Fusion_Pellets_on_VESSEL_Fusio
BranchLoc_There_is_no_more_Enriched_Uranium_on_VESSEL_Nucl_04de5d	BranchLoc_There_is_no_more_Enriched_Uranium_on_VESSEL
BranchLoc_There_is_no_more_Fissile_Fuel_on_VESSEL_Fission_52a240	BranchLoc_There_is_no_more_Fissile_Fuel_on_VESSEL_Fission
BranchLoc_There_is_no_more_LH2_on_VESSEL_Processes_requiri_862839	BranchLoc_There_is_no_more_LH2_on_VESSEL
BranchLoc_There_is_no_more_ThermalPower_on_VESSEL_Power_ge_a3f14c	BranchLoc_There_is_no_more_ThermalPower_on_VESSEL_Power_ge
BranchLoc_There_is_no_more_Uraninite_on_VESSEL_Enriched_Ur_521c40	BranchLoc_There_is_no_more_Uraninite_on_VESSEL
BranchLoc_ThermalPower_is_almost_depleted_on_VESSEL_Power_70e3db	BranchLoc_ThermalPower_is_almost_depleted_on_VESSEL_Power
BranchLoc_Thermodyne_Freezer_03a780	BranchLoc_Thermodyne_Freezer
BranchLoc_Thermodyne_Heater_66054f	BranchLoc_Thermodyne_Heater
BranchLoc_ThermoElectric_Converter_32b97c	BranchLoc_ThermoElectric_Converter
BranchLoc_Toggle_Alumina_Splitter_77803e	BranchLoc_Toggle_Alumina_Splitter
BranchLoc_Toggle_Ammonia_Freezer_9f431b	BranchLoc_Toggle_Ammonia_Freezer
BranchLoc_Toggle_Ammonia_Heater_b12e69	BranchLoc_Toggle_Ammonia_Heater
BranchLoc_Toggle_CarbonDioxide_Freezer_d5c4f3	BranchLoc_Toggle_CarbonDioxide_Freezer
BranchLoc_Toggle_CarbonDioxide_Heater_5b8fe2	BranchLoc_Toggle_CarbonDioxide_Heater
BranchLoc_Toggle_CarbonMonoxide_Freezer_5ca739	BranchLoc_Toggle_CarbonMonoxide_Freezer
BranchLoc_Toggle_CarbonMonoxide_Heater_8e47d7	BranchLoc_Toggle_CarbonMonoxide_Heater
BranchLoc_Toggle_Deuterium_Freezer_7368da	BranchLoc_Toggle_Deuterium_Freezer
BranchLoc_Toggle_Deuterium_Heater_27e989	BranchLoc_Toggle_Deuterium_Heater
BranchLoc_Toggle_ExoticMinerals_Splitter_c65b78	BranchLoc_Toggle_ExoticMinerals_Splitter
BranchLoc_Toggle_FFT_Orion_Pulse_Production_bdb4b4	BranchLoc_Toggle_FFT_Orion_Pulse_Production
BranchLoc_Toggle_Fissile_Fuel_Easy_54b723	BranchLoc_Toggle_Fissile_Fuel_Easy
BranchLoc_Toggle_Fissile_Fuel_Hard_137df4	BranchLoc_Toggle_Fissile_Fuel_Hard
BranchLoc_Toggle_Fissile_Pebbles_22484f	BranchLoc_Toggle_Fissile_Pebbles
BranchLoc_Toggle_Fusion_Pellet_Foundry_b058af	BranchLoc_Toggle_Fusion_Pellet_Foundry
BranchLoc_Toggle_Hydrogen_Freezer_2b1976	BranchLoc_Toggle_Hydrogen_Freezer
BranchLoc_Toggle_Hydrogen_Heater_75a28d	BranchLoc_Toggle_Hydrogen_Heater
BranchLoc_Toggle_Methane_Freezer_685b77	BranchLoc_Toggle_Methane_Freezer
BranchLoc_Toggle_Methane_Heater_602226	BranchLoc_Toggle_Methane_Heater
BranchLoc_Toggle_Minerals_Splitter_027c84	BranchLoc_Toggle_Minerals_Splitter
BranchLoc_Toggle_Molten_Regolith_Electrolysis_71f2f3	BranchLoc_Toggle_Molten_Regolith_Electrolysis
BranchLoc_Toggle_Molten_Regolith_Electrolysis_Rock_fda295	BranchLoc_Toggle_Molten_Regolith_Electrolysis_Rock
BranchLoc_Toggle_Monazite_Splitter_3ecbbb	BranchLoc_Toggle_Monazite_Splitter
BranchLoc_Toggle_Nitrogen_Freezer_53cc25	BranchLoc_Toggle_Nitrogen_Freezer
BranchLoc_Toggle_Nitrogen_Heater_846313	BranchLoc_Toggle_Nitrogen_Heater
BranchLoc_Toggle_Oxygen_Freezer_cf9b17	BranchLoc_Toggle_Oxygen_Freezer
BranchLoc_Toggle_Oxygen_Heater_980128	BranchLoc_Toggle_Oxygen_Heater
BranchLoc_Toggle_packaging_f5516e	BranchLoc_Toggle_packaging
BranchLoc_Toggle_Recycle_Depleted_Uranium_a6b51a	BranchLoc_Toggle_Recycle_Depleted_Uranium
BranchLoc_Toggle_Refresh_Fizzled_Fuel_372e4b	BranchLoc_Toggle_Refresh_Fizzled_Fuel
BranchLoc_Toggle_Silicates_Splitter_aaff95	BranchLoc_Toggle_Silicates_Splitter
BranchLoc_Toggle_Solid_Oxide_Electrolysis_71ab4a	BranchLoc_Toggle_Solid_Oxide_Electrolysis
BranchLoc_Toggle_Spodumene_Splitter_42da92	BranchLoc_Toggle_Spodumene_Splitter
BranchLoc_Toggle_Uranium_Refiner_28ca76	BranchLoc_Toggle_Uranium_Refiner
BranchLoc_Toggle_Uranium_Salter_feb50f	BranchLoc_Toggle_Uranium_Salter
BranchLoc_Transform_CarbonDioxide_into_Oxygen_and_Shieldin_f64de2	BranchLoc_Transform_CarbonDioxide_into_Oxygen_and_Shieldin
BranchLoc_Transform_CarbonDioxide_into_Oxygen_c9dc16	BranchLoc_Transform_CarbonDioxide_into_Oxygen
BranchLoc_Tritium_Breeder_MSR_cc89fe	BranchLoc_Tritium_Breeder_MSR
BranchLoc_True_Sabatier_Process_768da9	BranchLoc_True_Sabatier_Process
BranchLoc_Uraninite_bec984	BranchLoc_Uraninite
BranchLoc_Uraninite_centrifuge_0e1c52	BranchLoc_Uraninite_centrifuge
BranchLoc_Uraninite_Extraction_8a01f7	BranchLoc_Uraninite_Extraction
BranchLoc_Uraninite_is_almost_depleted_on_VESSEL_Enriched_746e74	BranchLoc_Uraninite_is_almost_depleted_on_VESSEL
BranchLoc_Uranium_Refiner_86cc8a	BranchLoc_Uranium_Refiner
BranchLoc_Uranium_Salter_1c0e05	BranchLoc_Uranium_Salter
BranchLoc_Waste_42316a	BranchLoc_Waste
BranchLoc_Waste_Compressor_f599f8	BranchLoc_Waste_Compressor
BranchLoc_Waste_Incinerator_48742f	BranchLoc_Waste_Incinerator
BranchLoc_Waste_Water_9a6a87	BranchLoc_Waste_Water
BranchLoc_Water_de9b1b	BranchLoc_Water
BranchLoc_Water_Electrolysis_3795f5	BranchLoc_Water_Electrolysis
BranchLoc_Water_Excavation_7d4bb9	BranchLoc_Water_Excavation
BranchLoc_Water_Extraction_dfcec5	BranchLoc_Water_Extraction
BranchLoc_Water_Splitter_26208c	BranchLoc_Water_Splitter
BranchLoc_Wind_Turbine_574d2a	BranchLoc_Wind_Turbine
BranchLoc_Xenon_Gas_4a0e87	BranchLoc_Xenon_Gas
