﻿{"cameraMode":{"drawMode":0,"name":"Shaded","section":"Shading Mode"},"sceneLighting":true,"audioPlay":false,"sceneViewState":{"showFog":true,"showMaterialUpdate":false,"showSkybox":true,"showFlares":true,"showImageEffects":true,"showParticleSystems":true},"in2DMode":false,"pivot":{"x":-0.09457850456237793,"y":-0.6156899929046631,"z":0.13809186220169068},"rotation":{"x":-0.2783471345901489,"y":0.4434964954853058,"z":-0.1463746279478073,"w":-0.8396815061569214},"size":2.600112199783325,"orthographic":false}